¼O,üŞº,L^ú
A³ñ,in,2021/9/1 13:11
B³ñ,in,2021/9/1 13:11
C³ñ,in,2021/9/1 13:39
,in,2021/9/1 13:40
,in,2021/9/1 13:48
,in,2021/9/1 14:05
,in,2021/9/1 14:26
,in,2021/9/1 14:51
,in,2021/9/1 15:35
,in,2021/9/1 16:18
,in,2021/9/1 16:49
,in,2021/9/1 17:11
,in,2021/9/1 17:12
A³ñ,out,2021/9/1 17:31
,in,2021/9/1 17:31
,in,2021/9/1 18:03
C³ñ,out,2021/9/1 18:26
,out,2021/9/1 18:31
,out,2021/9/1 18:51
,out,2021/9/1 20:33
,out,2021/9/1 20:53
,out,2021/9/1 21:21
,out,2021/9/1 21:40
,out,2021/9/1 21:47
,out,2021/9/1 22:03
,out,2021/9/1 22:03
,out,2021/9/1 22:04
,out,2021/9/1 22:04
,out,2021/9/1 22:06
,out,2021/9/1 22:07
,in,2021/9/2 13:19
,in,2021/9/2 14:16
,in,2021/9/2 14:49
,in,2021/9/2 14:53
,in,2021/9/2 15:00
,in,2021/9/2 15:19
,in,2021/9/2 15:28
,in,2021/9/2 16:03
,in,2021/9/2 16:11
,in,2021/9/2 16:37
,in,2021/9/2 16:52
,out,2021/9/2 17:43
,out,2021/9/2 18:42
,out,2021/9/2 20:45
,out,2021/9/2 20:56
,out,2021/9/2 20:57
,out,2021/9/2 21:42
,out,2021/9/2 22:00
,out,2021/9/2 22:02
,out,2021/9/2 22:02
,out,2021/9/2 22:03
,out,2021/9/2 22:03
,in,2021/9/3 13:30
,in,2021/9/3 13:46
,in,2021/9/3 13:59
,in,2021/9/3 14:49
,in,2021/9/3 15:07
,in,2021/9/3 15:37
,in,2021/9/3 16:02
,in,2021/9/3 16:22
,in,2021/9/3 16:22
,in,2021/9/3 16:26
,in,2021/9/3 16:34
,in,2021/9/3 16:41
,in,2021/9/3 16:58
,out,2021/9/3 17:39
,in,2021/9/3 17:43
,out,2021/9/3 17:57
,in,2021/9/3 18:45
,in,2021/9/3 19:31
,out,2021/9/3 20:55
,out,2021/9/3 21:09
,out,2021/9/3 21:33
,out,2021/9/3 21:36
,out,2021/9/3 21:44
,out,2021/9/3 21:49
,out,2021/9/3 21:50
,out,2021/9/3 21:57
,out,2021/9/3 21:57
,out,2021/9/3 22:00
,out,2021/9/3 22:01
,out,2021/9/3 22:04
,out,2021/9/3 22:04
,out,2021/9/3 22:06
,in,2021/9/4 13:03
,in,2021/9/4 13:05
,in,2021/9/4 13:25
,in,2021/9/4 13:41
,in,2021/9/4 13:42
,in,2021/9/4 13:50
,in,2021/9/4 13:53
,in,2021/9/4 14:16
,in,2021/9/4 14:19
,in,2021/9/4 14:28
,in,2021/9/4 14:29
,in,2021/9/4 15:56
,in,2021/9/4 16:04
,out,2021/9/4 16:42
,in,2021/9/4 16:50
,in,2021/9/4 17:29
,out,2021/9/4 17:33
,in,2021/9/4 17:39
,in,2021/9/4 18:00
,out,2021/9/4 18:22
,out,2021/9/4 18:30
,in,2021/9/4 18:52
,out,2021/9/4 19:07
,out,2021/9/4 20:01
,out,2021/9/4 20:50
,out,2021/9/4 20:58
,out,2021/9/4 21:19
,out,2021/9/4 21:27
,out,2021/9/4 21:52
,out,2021/9/4 21:59
,out,2021/9/4 22:00
,out,2021/9/4 22:00
,out,2021/9/4 22:02
,out,2021/9/4 22:04
,out,2021/9/4 22:05
,out,2021/9/4 22:07
,in,2021/9/6 13:10
,in,2021/9/6 13:35
,in,2021/9/6 13:58
,in,2021/9/6 15:08
,in,2021/9/6 15:13
,in,2021/9/6 15:48
,out,2021/9/6 15:53
,in,2021/9/6 15:55
,in,2021/9/6 16:26
,in,2021/9/6 16:27
,in,2021/9/6 16:43
,in,2021/9/6 16:45
,out,2021/9/6 16:47
,in,2021/9/6 16:50
,in,2021/9/6 16:55
,in,2021/9/6 17:28
,in,2021/9/6 17:30
,in,2021/9/6 17:50
,out,2021/9/6 19:14
,in,2021/9/6 19:41
,out,2021/9/6 19:41
,out,2021/9/6 20:16
,out,2021/9/6 20:39
,out,2021/9/6 20:56
,out,2021/9/6 21:02
,out,2021/9/6 21:10
,out,2021/9/6 21:24
,out,2021/9/6 21:35
,in,2021/9/6 22:03
,out,2021/9/6 22:04
,out,2021/9/6 22:05
,out,2021/9/6 22:05
,out,2021/9/6 22:05
,out,2021/9/6 22:07
,out,2021/9/6 22:07
,in,2021/9/7 13:11
,in,2021/9/7 13:15
,in,2021/9/7 13:44
,in,2021/9/7 13:46
,in,2021/9/7 14:31
,in,2021/9/7 14:40
,in,2021/9/7 15:07
,in,2021/9/7 15:16
,in,2021/9/7 15:41
,in,2021/9/7 16:20
,in,2021/9/7 16:23
,in,2021/9/7 16:47
,in,2021/9/7 17:08
,in,2021/9/7 17:09
,in,2021/9/7 17:30
,in,2021/9/7 17:35
,in,2021/9/7 18:10
,in,2021/9/7 18:38
,in,2021/9/7 18:51
,out,2021/9/7 19:31
,in,2021/9/7 19:55
,out,2021/9/7 20:03
,out,2021/9/7 20:11
,out,2021/9/7 20:17
,out,2021/9/7 20:23
,out,2021/9/7 20:42
,out,2021/9/7 20:57
,out,2021/9/7 21:04
,out,2021/9/7 21:20
,out,2021/9/7 21:51
,out,2021/9/7 21:53
,out,2021/9/7 21:53
,out,2021/9/7 21:55
,out,2021/9/7 22:01
,out,2021/9/7 22:01
,out,2021/9/7 22:01
,out,2021/9/7 22:02
,out,2021/9/7 22:06
,out,2021/9/7 22:06
,in,2021/9/7 22:06
,in,2021/9/8 13:07
,in,2021/9/8 13:48
,in,2021/9/8 14:16
,in,2021/9/8 14:28
,in,2021/9/8 14:32
,in,2021/9/8 15:12
,in,2021/9/8 15:30
,in,2021/9/8 15:46
,in,2021/9/8 15:50
,out,2021/9/8 16:07
,in,2021/9/8 16:09
,in,2021/9/8 16:13
,in,2021/9/8 16:51
,in,2021/9/8 16:51
,in,2021/9/8 16:51
,in,2021/9/8 17:03
,in,2021/9/8 17:04
,in,2021/9/8 17:10
,out,2021/9/8 17:16
,in,2021/9/8 17:45
,out,2021/9/8 18:28
,out,2021/9/8 18:37
,in,2021/9/8 19:22
,in,2021/9/8 19:47
,out,2021/9/8 20:06
,out,2021/9/8 20:38
,out,2021/9/8 21:02
,out,2021/9/8 21:03
,out,2021/9/8 21:22
,out,2021/9/8 21:25
,out,2021/9/8 21:44
,out,2021/9/8 21:52
,out,2021/9/8 21:54
,out,2021/9/8 22:00
,out,2021/9/8 22:00
,out,2021/9/8 22:03
,out,2021/9/8 22:03
,out,2021/9/8 22:04
,out,2021/9/8 22:06
,in,2021/9/9 13:13
,in,2021/9/9 13:26
,in,2021/9/9 14:11
,in,2021/9/9 15:30
,in,2021/9/9 15:45
,in,2021/9/9 15:56
,in,2021/9/9 16:22
,in,2021/9/9 16:46
,in,2021/9/9 16:47
,in,2021/9/9 16:48
,in,2021/9/9 16:50
,in,2021/9/9 16:50
,in,2021/9/9 17:10
,in,2021/9/9 17:30
,in,2021/9/9 17:37
,out,2021/9/9 17:39
,in,2021/9/9 18:31
,out,2021/9/9 18:38
,in,2021/9/9 19:33
,out,2021/9/9 19:40
,out,2021/9/9 20:24
,out,2021/9/9 20:52
,out,2021/9/9 21:00
,out,2021/9/9 21:03
,out,2021/9/9 21:28
,out,2021/9/9 21:28
,out,2021/9/9 21:51
,out,2021/9/9 21:54
,out,2021/9/9 22:02
,out,2021/9/9 22:02
,out,2021/9/9 22:05
,out,2021/9/9 22:05
,out,2021/9/9 22:06
,out,2021/9/9 22:07
,in,2021/9/10 13:09
,in,2021/9/10 13:52
,in,2021/9/10 13:59
,in,2021/9/10 14:38
,in,2021/9/10 14:52
,in,2021/9/10 14:55
,in,2021/9/10 15:39
,in,2021/9/10 15:41
,in,2021/9/10 16:01
,in,2021/9/10 16:01
,in,2021/9/10 16:20
,in,2021/9/10 16:28
,in,2021/9/10 16:32
,in,2021/9/10 16:32
,in,2021/9/10 16:35
,in,2021/9/10 17:03
,in,2021/9/10 17:19
,in,2021/9/10 18:44
,in,2021/9/10 19:35
,out,2021/9/10 19:58
,out,2021/9/10 20:45
,out,2021/9/10 20:57
,out,2021/9/10 20:58
,out,2021/9/10 21:06
,out,2021/9/10 21:22
,out,2021/9/10 21:25
,out,2021/9/10 21:37
,out,2021/9/10 21:40
,out,2021/9/10 21:57
,out,2021/9/10 21:57
,out,2021/9/10 21:58
,out,2021/9/10 21:59
,out,2021/9/10 22:02
,out,2021/9/10 22:03
,out,2021/9/10 22:05
,out,2021/9/10 22:07
,out,2021/9/10 22:14
,in,2021/9/11 13:11
,in,2021/9/11 13:19
,in,2021/9/11 14:13
,in,2021/9/11 14:29
,in,2021/9/11 14:43
,in,2021/9/11 15:21
,in,2021/9/11 15:35
,in,2021/9/11 16:27
,out,2021/9/11 16:35
,in,2021/9/11 17:14
,in,2021/9/11 17:30
,in,2021/9/11 18:11
,out,2021/9/11 18:45
,out,2021/9/11 19:04
,out,2021/9/11 19:58
,out,2021/9/11 21:51
,out,2021/9/11 21:58
,out,2021/9/11 22:01
,out,2021/9/11 22:01
,out,2021/9/11 22:02
,out,2021/9/11 22:03
,in,2021/9/13 12:59
,in,2021/9/13 13:21
,in,2021/9/13 13:35
,in,2021/9/13 14:30
,in,2021/9/13 14:51
,in,2021/9/13 15:00
,in,2021/9/13 15:08
,in,2021/9/13 15:24
,in,2021/9/13 16:37
,in,2021/9/13 16:44
,in,2021/9/13 16:50
,in,2021/9/13 16:53
,in,2021/9/13 17:06
,in,2021/9/13 17:21
,in,2021/9/13 17:39
,out,2021/9/13 18:34
,in,2021/9/13 18:48
,in,2021/9/13 18:48
,out,2021/9/13 19:06
,out,2021/9/13 19:20
,out,2021/9/13 20:19
,out,2021/9/13 20:40
,out,2021/9/13 20:47
,out,2021/9/13 21:00
,out,2021/9/13 21:02
,out,2021/9/13 21:27
,out,2021/9/13 21:44
,in,2021/9/13 21:47
,out,2021/9/13 22:01
,out,2021/9/13 22:01
,out,2021/9/13 22:03
,out,2021/9/13 22:03
,out,2021/9/13 22:03
,out,2021/9/13 22:04
,out,2021/9/13 22:04
,in,2021/9/14 13:05
,in,2021/9/14 13:28
,in,2021/9/14 14:00
,in,2021/9/14 14:24
,in,2021/9/14 14:34
,in,2021/9/14 14:34
,in,2021/9/14 14:45
,in,2021/9/14 15:12
,in,2021/9/14 15:45
,in,2021/9/14 16:12
,in,2021/9/14 16:29
,in,2021/9/14 16:36
,in,2021/9/14 16:43
,in,2021/9/14 16:43
,out,2021/9/14 17:27
,out,2021/9/14 17:35
,in,2021/9/14 17:37
,in,2021/9/14 17:38
,in,2021/9/14 17:42
,in,2021/9/14 17:44
,out,2021/9/14 18:12
,out,2021/9/14 19:44
,out,2021/9/14 19:46
,out,2021/9/14 20:02
,out,2021/9/14 20:07
,out,2021/9/14 20:35
,out,2021/9/14 20:41
,out,2021/9/14 20:45
,out,2021/9/14 20:53
,out,2021/9/14 21:43
,out,2021/9/14 21:48
,out,2021/9/14 21:48
,out,2021/9/14 21:48
,out,2021/9/14 21:59
,out,2021/9/14 22:04
,out,2021/9/14 22:04
,in,2021/9/15 13:41
,in,2021/9/15 13:47
,in,2021/9/15 13:53
,in,2021/9/15 14:03
,in,2021/9/15 14:12
,in,2021/9/15 15:00
,in,2021/9/15 15:03
,in,2021/9/15 15:38
,in,2021/9/15 15:46
,in,2021/9/15 16:07
,in,2021/9/15 16:12
,in,2021/9/15 16:31
,in,2021/9/15 16:50
,in,2021/9/15 17:01
,in,2021/9/15 17:08
,out,2021/9/15 17:31
,in,2021/9/15 17:37
,in,2021/9/15 17:38
,in,2021/9/15 17:51
,in,2021/9/15 17:57
,out,2021/9/15 18:15
,in,2021/9/15 18:33
,out,2021/9/15 18:36
,in,2021/9/15 19:16
,out,2021/9/15 19:32
,out,2021/9/15 20:34
,out,2021/9/15 20:37
,out,2021/9/15 20:41
,out,2021/9/15 20:58
,out,2021/9/15 21:01
,out,2021/9/15 21:27
,out,2021/9/15 21:52
,out,2021/9/15 21:52
,out,2021/9/15 21:57
,out,2021/9/15 21:57
,out,2021/9/15 21:58
,out,2021/9/15 22:00
,out,2021/9/15 22:00
,out,2021/9/15 22:00
,out,2021/9/15 22:01
,out,2021/9/15 22:04
,in,2021/9/16 13:03
,in,2021/9/16 13:17
,in,2021/9/16 13:44
,in,2021/9/16 13:47
,in,2021/9/16 14:27
,in,2021/9/16 14:55
,in,2021/9/16 14:59
,in,2021/9/16 15:05
,in,2021/9/16 16:02
,in,2021/9/16 16:08
,in,2021/9/16 17:22
,in,2021/9/16 17:31
,in,2021/9/16 17:39
,in,2021/9/16 17:45
,in,2021/9/16 18:06
,out,2021/9/16 18:41
,in,2021/9/16 19:21
,in,2021/9/16 19:25
,out,2021/9/16 19:29
,out,2021/9/16 20:03
,out,2021/9/16 20:20
,out,2021/9/16 21:01
,out,2021/9/16 21:24
,out,2021/9/16 21:36
,out,2021/9/16 21:37
,out,2021/9/16 21:37
,out,2021/9/16 21:41
,out,2021/9/16 21:49
,out,2021/9/16 21:58
,out,2021/9/16 21:58
,out,2021/9/16 22:00
,out,2021/9/16 22:03
,out,2021/9/16 22:03
,out,2021/9/16 22:07
,in,2021/9/17 13:17
,in,2021/9/17 13:17
,in,2021/9/17 13:23
,in,2021/9/17 14:28
,in,2021/9/17 14:32
,in,2021/9/17 14:42
,in,2021/9/17 15:14
,in,2021/9/17 15:44
,in,2021/9/17 16:03
,in,2021/9/17 16:10
,in,2021/9/17 16:16
,in,2021/9/17 16:23
,in,2021/9/17 16:47
,in,2021/9/17 17:08
,in,2021/9/17 17:11
,in,2021/9/17 17:12
,in,2021/9/17 17:23
,in,2021/9/17 17:38
,in,2021/9/17 17:40
,in,2021/9/17 17:49
,out,2021/9/17 18:57
,out,2021/9/17 19:04
,in,2021/9/17 19:40
,out,2021/9/17 19:54
,out,2021/9/17 20:05
,out,2021/9/17 20:36
,out,2021/9/17 20:46
,out,2021/9/17 21:08
,out,2021/9/17 21:10
,out,2021/9/17 21:23
,out,2021/9/17 21:38
,out,2021/9/17 21:46
,out,2021/9/17 21:48
,out,2021/9/17 21:53
,out,2021/9/17 21:53
,out,2021/9/17 21:57
,out,2021/9/17 22:03
,out,2021/9/17 22:05
,out,2021/9/17 22:07
,out,2021/9/17 22:07
,out,2021/9/17 22:08
,in,2021/9/18 13:19
,in,2021/9/18 13:29
,in,2021/9/18 13:34
,in,2021/9/18 13:40
,in,2021/9/18 13:47
,in,2021/9/18 14:03
,in,2021/9/18 14:05
,in,2021/9/18 14:24
,in,2021/9/18 14:31
,in,2021/9/18 14:31
,in,2021/9/18 14:39
,in,2021/9/18 14:45
,in,2021/9/18 15:00
,in,2021/9/18 15:01
,in,2021/9/18 16:21
,in,2021/9/18 17:11
,out,2021/9/18 17:33
,in,2021/9/18 19:27
,out,2021/9/18 19:33
,out,2021/9/18 19:57
,out,2021/9/18 20:20
,out,2021/9/18 20:55
,out,2021/9/18 21:25
,out,2021/9/18 21:28
,out,2021/9/18 21:43
,out,2021/9/18 21:55
,out,2021/9/18 22:02
,out,2021/9/18 22:03
,out,2021/9/18 22:05
,out,2021/9/18 22:05
,out,2021/9/18 22:06
,out,2021/9/18 22:06
,out,2021/9/18 22:08
,out,2021/9/18 22:10
,in,2021/9/20 13:14
,in,2021/9/20 13:25
,in,2021/9/20 13:33
,in,2021/9/20 13:47
,in,2021/9/20 13:53
,in,2021/9/20 13:57
,in,2021/9/20 13:58
,in,2021/9/20 14:00
,in,2021/9/20 14:07
,in,2021/9/20 14:17
,in,2021/9/20 14:23
,in,2021/9/20 14:27
,in,2021/9/20 14:46
,in,2021/9/20 15:13
,in,2021/9/20 15:41
,in,2021/9/20 16:10
,in,2021/9/20 16:23
,out,2021/9/20 16:25
,in,2021/9/20 18:14
,out,2021/9/20 19:15
,in,2021/9/20 19:39
,out,2021/9/20 20:00
,out,2021/9/20 20:08
,out,2021/9/20 20:33
,out,2021/9/20 20:43
,out,2021/9/20 21:00
,out,2021/9/20 21:11
,out,2021/9/20 21:22
,out,2021/9/20 21:30
,out,2021/9/20 21:43
,out,2021/9/20 21:53
,out,2021/9/20 22:00
,out,2021/9/20 22:03
,out,2021/9/20 22:03
,out,2021/9/20 22:04
,out,2021/9/20 22:04
,out,2021/9/20 22:04
,out,2021/9/20 22:06
,in,2021/9/21 13:01
,in,2021/9/21 13:10
,in,2021/9/21 13:25
,in,2021/9/21 13:30
,in,2021/9/21 13:33
,in,2021/9/21 14:11
,in,2021/9/21 14:48
,in,2021/9/21 14:52
,in,2021/9/21 14:54
,in,2021/9/21 15:10
,in,2021/9/21 15:13
,in,2021/9/21 15:22
,in,2021/9/21 16:11
,in,2021/9/21 16:32
,out,2021/9/21 16:42
,in,2021/9/21 16:44
,in,2021/9/21 16:47
,in,2021/9/21 16:48
,in,2021/9/21 16:51
,in,2021/9/21 17:10
,in,2021/9/21 17:19
,in,2021/9/21 17:34
,out,2021/9/21 17:45
,out,2021/9/21 17:47
,in,2021/9/21 17:49
,in,2021/9/21 18:04
,in,2021/9/21 18:06
,in,2021/9/21 18:29
,out,2021/9/21 19:28
,out,2021/9/21 19:59
,out,2021/9/21 20:00
,out,2021/9/21 20:37
,out,2021/9/21 20:40
,out,2021/9/21 20:50
,out,2021/9/21 21:02
,out,2021/9/21 21:12
,out,2021/9/21 21:26
,out,2021/9/21 21:26
,out,2021/9/21 21:29
,out,2021/9/21 21:31
,out,2021/9/21 21:43
,out,2021/9/21 21:44
,out,2021/9/21 21:44
,out,2021/9/21 21:56
,out,2021/9/21 21:57
,out,2021/9/21 21:59
,out,2021/9/21 22:00
,out,2021/9/21 22:01
,out,2021/9/21 22:01
,in,2021/9/22 13:30
,in,2021/9/22 13:46
,in,2021/9/22 14:41
,in,2021/9/22 14:52
,in,2021/9/22 15:00
,in,2021/9/22 15:00
,in,2021/9/22 15:00
,in,2021/9/22 15:03
,in,2021/9/22 15:21
,in,2021/9/22 15:50
,in,2021/9/22 16:07
,in,2021/9/22 16:34
,in,2021/9/22 16:36
,in,2021/9/22 16:55
,out,2021/9/22 16:59
,in,2021/9/22 16:59
,in,2021/9/22 17:13
,in,2021/9/22 17:38
,in,2021/9/22 17:47
,in,2021/9/22 17:50
,in,2021/9/22 17:55
,in,2021/9/22 19:08
,out,2021/9/22 19:09
,out,2021/9/22 19:28
,out,2021/9/22 19:36
,out,2021/9/22 19:41
,out,2021/9/22 19:53
,out,2021/9/22 20:08
,out,2021/9/22 20:20
,out,2021/9/22 21:02
,out,2021/9/22 21:14
,out,2021/9/22 21:14
,out,2021/9/22 21:20
,out,2021/9/22 21:33
,out,2021/9/22 21:38
,out,2021/9/22 22:03
,out,2021/9/22 22:03
,out,2021/9/22 22:04
,out,2021/9/22 22:06
,out,2021/9/22 22:06
,out,2021/9/22 22:08
,in,2021/9/23 13:03
,in,2021/9/23 13:22
,in,2021/9/23 13:44
,in,2021/9/23 14:01
,in,2021/9/23 14:03
,in,2021/9/23 14:33
,in,2021/9/23 14:34
,in,2021/9/23 14:34
,in,2021/9/23 14:44
,in,2021/9/23 14:53
,in,2021/9/23 15:15
,in,2021/9/23 15:46
,in,2021/9/23 16:35
,in,2021/9/23 16:38
,in,2021/9/23 17:48
,out,2021/9/23 18:35
,out,2021/9/23 18:38
,in,2021/9/23 19:10
,in,2021/9/23 19:28
,out,2021/9/23 19:29
,in,2021/9/23 19:37
,out,2021/9/23 19:58
,out,2021/9/23 20:03
,out,2021/9/23 20:06
,out,2021/9/23 20:20
,out,2021/9/23 20:43
,out,2021/9/23 21:00
,out,2021/9/23 21:27
,out,2021/9/23 21:38
,out,2021/9/23 22:00
,out,2021/9/23 22:04
,out,2021/9/23 22:06
,out,2021/9/23 22:06
,out,2021/9/23 22:07
,out,2021/9/23 22:07
,out,2021/9/23 22:08
,in,2021/9/24 13:10
,in,2021/9/24 13:18
,in,2021/9/24 13:40
,in,2021/9/24 14:23
,in,2021/9/24 14:35
,in,2021/9/24 14:40
,in,2021/9/24 14:57
,in,2021/9/24 14:58
,in,2021/9/24 15:02
,in,2021/9/24 15:10
,in,2021/9/24 15:16
,in,2021/9/24 16:24
,in,2021/9/24 16:35
,in,2021/9/24 16:35
,in,2021/9/24 16:43
,in,2021/9/24 16:48
,in,2021/9/24 17:22
,in,2021/9/24 17:33
,in,2021/9/24 17:35
,in,2021/9/24 17:41
,in,2021/9/24 17:49
,out,2021/9/24 17:55
,in,2021/9/24 18:01
,out,2021/9/24 19:21
,in,2021/9/24 19:36
,out,2021/9/24 19:43
,out,2021/9/24 20:36
,out,2021/9/24 20:36
,out,2021/9/24 20:38
,out,2021/9/24 20:45
,out,2021/9/24 20:51
,out,2021/9/24 21:04
,out,2021/9/24 21:10
,out,2021/9/24 21:10
,out,2021/9/24 21:27
,out,2021/9/24 21:40
,out,2021/9/24 21:47
,out,2021/9/24 21:49
,out,2021/9/24 22:02
,out,2021/9/24 22:03
,out,2021/9/24 22:03
,out,2021/9/24 22:03
,out,2021/9/24 22:04
,out,2021/9/24 22:05
,out,2021/9/24 22:05
,in,2021/9/25 13:18
,in,2021/9/25 13:32
,in,2021/9/25 13:36
,in,2021/9/25 13:41
,in,2021/9/25 13:41
,in,2021/9/25 13:42
,in,2021/9/25 13:52
,in,2021/9/25 14:02
,in,2021/9/25 14:06
,in,2021/9/25 14:19
,in,2021/9/25 14:35
,in,2021/9/25 14:44
,in,2021/9/25 15:03
,in,2021/9/25 15:11
,in,2021/9/25 15:26
,in,2021/9/25 16:56
,in,2021/9/25 17:19
,out,2021/9/25 17:49
,out,2021/9/25 18:57
,out,2021/9/25 19:06
,in,2021/9/25 19:58
,out,2021/9/25 20:00
,out,2021/9/25 20:18
,out,2021/9/25 20:46
,out,2021/9/25 21:03
,out,2021/9/25 21:07
,out,2021/9/25 21:10
,out,2021/9/25 21:33
,out,2021/9/25 21:56
,out,2021/9/25 21:57
,out,2021/9/25 22:00
,out,2021/9/25 22:01
,out,2021/9/25 22:02
,out,2021/9/25 22:03
,out,2021/9/25 22:03
,in,2021/9/27 13:20
,in,2021/9/27 13:47
,in,2021/9/27 14:10
,in,2021/9/27 14:46
,in,2021/9/27 14:50
,in,2021/9/27 15:53
,in,2021/9/27 16:13
,in,2021/9/27 16:21
,in,2021/9/27 16:26
,in,2021/9/27 16:33
,in,2021/9/27 16:44
,in,2021/9/27 16:44
,in,2021/9/27 16:55
,in,2021/9/27 17:20
,in,2021/9/27 17:35
,out,2021/9/27 17:35
,in,2021/9/27 17:39
,in,2021/9/27 17:44
,in,2021/9/27 17:47
,in,2021/9/27 17:54
,out,2021/9/27 19:25
,in,2021/9/27 19:26
,out,2021/9/27 20:20
,out,2021/9/27 20:27
,out,2021/9/27 20:33
,out,2021/9/27 20:38
,out,2021/9/27 21:10
,out,2021/9/27 21:13
,out,2021/9/27 21:19
,out,2021/9/27 21:20
,out,2021/9/27 21:23
,out,2021/9/27 21:32
,out,2021/9/27 21:39
,out,2021/9/27 21:57
,out,2021/9/27 22:03
,out,2021/9/27 22:04
,out,2021/9/27 22:04
,out,2021/9/27 22:05
,out,2021/9/27 22:06
,out,2021/9/27 22:07
,in,2021/9/28 13:00
,in,2021/9/28 13:44
,in,2021/9/28 14:05
,in,2021/9/28 14:07
,in,2021/9/28 14:18
,in,2021/9/28 14:30
,in,2021/9/28 14:50
,in,2021/9/28 15:06
,in,2021/9/28 15:20
,in,2021/9/28 15:22
,in,2021/9/28 15:34
,in,2021/9/28 15:37
,in,2021/9/28 15:53
,in,2021/9/28 15:56
,in,2021/9/28 16:24
,in,2021/9/28 16:24
,in,2021/9/28 16:27
,in,2021/9/28 16:54
,in,2021/9/28 17:00
,in,2021/9/28 17:20
,in,2021/9/28 17:27
,out,2021/9/28 17:32
,out,2021/9/28 17:37
,out,2021/9/28 17:44
,in,2021/9/28 17:50
,in,2021/9/28 17:58
,in,2021/9/28 17:59
,in,2021/9/28 18:17
,out,2021/9/28 19:07
,out,2021/9/28 19:34
,out,2021/9/28 19:35
,out,2021/9/28 19:36
,out,2021/9/28 20:07
,out,2021/9/28 20:34
,out,2021/9/28 21:04
,out,2021/9/28 21:20
,out,2021/9/28 21:25
,out,2021/9/28 21:28
,out,2021/9/28 21:30
,out,2021/9/28 21:42
,out,2021/9/28 21:42
,out,2021/9/28 22:02
,out,2021/9/28 22:02
,out,2021/9/28 22:02
,out,2021/9/28 22:03
,out,2021/9/28 22:03
,out,2021/9/28 22:04
,out,2021/9/28 22:05
,out,2021/9/28 22:06
,in,2021/9/29 13:27
,in,2021/9/29 13:28
,in,2021/9/29 13:48
,in,2021/9/29 14:00
,in,2021/9/29 14:39
,in,2021/9/29 14:51
,in,2021/9/29 15:30
,in,2021/9/29 15:41
,in,2021/9/29 16:06
,in,2021/9/29 16:25
,in,2021/9/29 16:43
,in,2021/9/29 17:09
,out,2021/9/29 17:10
,in,2021/9/29 17:26
,in,2021/9/29 17:35
,in,2021/9/29 17:37
,in,2021/9/29 17:58
,in,2021/9/29 18:01
,out,2021/9/29 18:26
,in,2021/9/29 18:29
,in,2021/9/29 19:23
,out,2021/9/29 19:32
,out,2021/9/29 20:06
,out,2021/9/29 20:17
,in,2021/9/29 20:29
,out,2021/9/29 20:39
,out,2021/9/29 20:58
,out,2021/9/29 21:05
,out,2021/9/29 21:26
,out,2021/9/29 21:57
,out,2021/9/29 22:01
,out,2021/9/29 22:02
,out,2021/9/29 22:03
,out,2021/9/29 22:03
,out,2021/9/29 22:03
,out,2021/9/29 22:03
,out,2021/9/29 22:06
,in,2021/9/30 13:46
,in,2021/9/30 14:07
,in,2021/9/30 14:15
,in,2021/9/30 14:43
,in,2021/9/30 14:54
,in,2021/9/30 15:03
,in,2021/9/30 15:38
,in,2021/9/30 15:45
,in,2021/9/30 15:49
,out,2021/9/30 16:23
,in,2021/9/30 16:38
,in,2021/9/30 16:43
,in,2021/9/30 16:57
,in,2021/9/30 17:00
,in,2021/9/30 17:19
,in,2021/9/30 17:48
,in,2021/9/30 18:04
,in,2021/9/30 18:05
,out,2021/9/30 18:38
,in,2021/9/30 18:38
,in,2021/9/30 18:45
,in,2021/9/30 19:22
,out,2021/9/30 19:29
,out,2021/9/30 19:56
,out,2021/9/30 20:25
,out,2021/9/30 21:02
,out,2021/9/30 21:10
,out,2021/9/30 21:26
,out,2021/9/30 21:39
,out,2021/9/30 21:41
,out,2021/9/30 21:48
,out,2021/9/30 21:48
,out,2021/9/30 21:59
,out,2021/9/30 22:00
,out,2021/9/30 22:03
,out,2021/9/30 22:03
,out,2021/9/30 22:03
,out,2021/9/30 22:03
,out,2021/9/30 22:04
,out,2021/9/30 22:05